,Triplet,Amino acid,Fraction
0,TAA,*,0.651886795240264
1,TAG,*,0.0029175353073690137
2,TGA,*,0.34519566945236696
3,GCA,A,0.2859718167249043
4,GCC,A,0.24609995672794877
5,GCG,A,0.03868829243012761
6,GCT,A,0.4292399341170192
7,TGC,C,0.4330303108341273
8,TGT,C,0.5669696891658726
9,GAC,D,0.07382833173255972
10,GAT,D,0.9261716682674402
11,GAA,E,0.8849731469340312
12,GAG,E,0.11502685306596883
13,TTC,F,0.32200786486151634
14,TTT,F,0.6779921351384837
15,GGA,G,0.07853109888659118
16,GGC,G,0.1820508553786013
17,GGG,G,0.012546660901713177
18,GGT,G,0.7268713848330943
19,CAC,H,0.1729026554260996
20,CAT,H,0.8270973445739004
21,ATA,I,0.012401176960225425
22,ATC,I,0.12471382051993167
23,ATT,I,0.8628850025198429
24,AAA,K,0.6536528223575879
25,AAG,K,0.3463471776424121
26,CTA,L,0.014274322291704476
27,CTC,L,0.02176041131579837
28,CTG,L,0.20297567232538605
29,CTT,L,0.11903227592486078
30,TTA,L,0.144864858214166
31,TTG,L,0.4970924599280842
32,ATG,M,1.0
33,AAC,N,0.28492662239559297
34,AAT,N,0.715073377604407
35,CCA,P,0.5298121425293189
36,CCC,P,0.02252872459734624
37,CCG,P,0.08653078311253441
38,CCT,P,0.36112834976080044
39,CAA,Q,0.5836540223566061
40,CAG,Q,0.4163459776433939
41,AGA,R,0.5232659096687714
42,AGG,R,0.17693644334408562
43,CGA,R,0.008998674804530739
44,CGC,R,0.06975730527184079
45,CGG,R,0.006444363466786337
46,CGT,R,0.21459730344398512
47,AGC,S,0.13103875201188558
48,AGT,S,0.08997771449795716
49,TCA,S,0.2636622508357063
50,TCC,S,0.09723907391358175
51,TCG,S,0.025467376501176177
52,TCT,S,0.392614832239693
53,ACA,T,0.22493882327907233
54,ACC,T,0.3622668672959129
55,ACG,T,0.032830240299119975
56,ACT,T,0.3799640691258947
57,GTA,V,0.024884390224112624
58,GTC,V,0.07837917562568093
59,GTG,V,0.2409830240222964
60,GTT,V,0.65575341012791
61,TGG,W,1.0
62,TAC,Y,0.4037247420247817
63,TAT,Y,0.5962752579752184
